date,code,open,high,low,close,pre_close,volume,amount,paused,is_st,is_limit_up,is_limit_down,industry,market_cap,turnover_rate
2024-01-02,000001.XSHE,7.95,8.04,7.94,8.03,8,16738480,134355936,0,0,0,0,Demo,4500000000,0.79
2024-01-02,000002.XSHE,11.01,11.24,11.0,11.19,11,14172004,158571945,0,0,0,0,Demo,6700000000,1.02
2024-01-02,000003.XSHE,13.92,14.16,13.85,14.14,14,14224774,201142600,0,0,0,0,Demo,8900000000,1.4
2024-01-02,000004.XSHE,16.95,17.22,16.85,17.11,17,13427362,229678638,0,0,0,0,Demo,11100000000,1.93
2024-01-02,000005.XSHE,19.92,20.07,19.75,19.8,20,13308248,263556017,0,0,0,0,Demo,13300000000,1.32
2024-01-02,000006.XSHE,22.96,23.01,22.9,22.91,23,13301023,304707870,0,0,0,0,Demo,15500000000,1.62
2024-01-03,000001.XSHE,8.02,8.17,7.96,8.13,8.03,16394570,133277039,0,0,0,0,Demo,4510000000,2.28
2024-01-03,000002.XSHE,11.15,11.29,11.09,11.29,11.19,15138233,170869934,0,0,0,0,Demo,6710000000,1.15
2024-01-03,000003.XSHE,14.09,14.14,14.06,14.13,14.14,14408726,203565015,0,0,0,0,Demo,8910000000,2.18
2024-01-03,000004.XSHE,17.08,17.17,16.97,17.07,17.11,14023393,239368026,0,0,0,0,Demo,11110000000,1.83
2024-01-03,000005.XSHE,19.73,19.84,19.69,19.72,19.8,13653963,269266205,0,0,0,0,Demo,13310000000,1.11
2024-01-03,000006.XSHE,22.96,23.18,22.9,23.14,22.91,13430585,310790162,0,0,0,0,Demo,15510000000,2.07
2024-01-04,000001.XSHE,8.08,8.12,8.07,8.1,8.13,15722138,127339704,0,0,0,0,Demo,4520000000,2.33
2024-01-04,000002.XSHE,11.32,11.47,11.27,11.45,11.29,15168348,173642520,0,0,0,0,Demo,6720000000,2.34
2024-01-04,000003.XSHE,14.09,14.26,14.02,14.23,14.13,13926994,198208072,0,0,0,0,Demo,8920000000,2.02
2024-01-04,000004.XSHE,17.09,17.17,16.95,17.12,17.07,13501802,231120821,0,0,0,0,Demo,11120000000,1.57
2024-01-04,000005.XSHE,19.61,19.63,19.28,19.38,19.72,14298306,277088886,0,0,0,0,Demo,13320000000,1.89
2024-01-04,000006.XSHE,23.11,23.32,23.02,23.21,23.14,13056686,303018028,0,0,0,0,Demo,15520000000,2.45
2024-01-05,000001.XSHE,8.05,8.25,8.01,8.2,8.1,16299643,133708867,0,0,0,0,Demo,4530000000,2.03
2024-01-05,000002.XSHE,11.43,11.7,11.41,11.67,11.45,13690326,159754447,0,0,0,0,Demo,6730000000,2.41
2024-01-05,000003.XSHE,14.19,14.52,14.17,14.46,14.23,14518793,210011354,0,0,0,0,Demo,8930000000,0.8
2024-01-05,000004.XSHE,17.19,17.29,17.16,17.22,17.12,13700650,235973233,0,0,0,0,Demo,11130000000,2.05
2024-01-05,000005.XSHE,19.44,19.53,19.24,19.24,19.38,14038690,270138436,0,0,0,0,Demo,13330000000,1.53
2024-01-05,000006.XSHE,23.17,23.35,22.88,23.03,23.21,13190474,303717343,0,0,0,0,Demo,15530000000,0.71
2024-01-08,000001.XSHE,8.25,8.33,8.22,8.32,8.2,15232124,126761193,0,0,0,0,Demo,4540000000,2.46
2024-01-08,000002.XSHE,11.62,11.89,11.53,11.83,11.67,13809828,163370370,0,0,0,0,Demo,6740000000,1.1
2024-01-08,000003.XSHE,14.45,14.71,14.39,14.68,14.46,14154860,207846211,0,0,0,0,Demo,8940000000,1.91
2024-01-08,000004.XSHE,17.2,17.44,17.15,17.34,17.22,14166616,245693019,0,0,0,0,Demo,11140000000,1.58
2024-01-08,000005.XSHE,19.18,19.23,18.82,18.91,19.24,14251396,269460684,0,0,0,0,Demo,13340000000,1.72
2024-01-08,000006.XSHE,23.08,23.09,22.8,22.81,23.03,13201530,301127021,0,0,0,0,Demo,15540000000,2.23
2024-01-09,000001.XSHE,8.3,8.34,8.28,8.29,8.32,15525681,128719824,0,0,0,0,Demo,4550000000,1.97
2024-01-09,000002.XSHE,11.84,12.11,11.8,12.09,11.83,13921700,168329332,0,0,0,0,Demo,6750000000,0.96
2024-01-09,000003.XSHE,14.67,14.72,14.56,14.61,14.68,14282725,208731863,0,0,0,0,Demo,8950000000,0.7
2024-01-09,000004.XSHE,17.37,17.43,17.27,17.42,17.34,14062756,244931713,0,0,0,0,Demo,11150000000,2.24
2024-01-09,000005.XSHE,18.84,18.9,18.57,18.63,18.91,14551987,271173212,0,0,0,0,Demo,13350000000,1.48
2024-01-09,000006.XSHE,22.69,23.25,22.54,23.1,22.81,13124518,303142635,0,0,0,0,Demo,15550000000,0.7
2024-01-10,000001.XSHE,8.32,8.52,8.26,8.45,8.29,16756449,141638751,0,0,0,0,Demo,4560000000,1.05
2024-01-10,000002.XSHE,12.09,12.3,12.0,12.22,12.09,13519871,165162152,0,0,0,0,Demo,6760000000,1.32
2024-01-10,000003.XSHE,14.57,14.93,14.52,14.84,14.61,13782704,204496887,0,0,0,0,Demo,8960000000,1.92
2024-01-10,000004.XSHE,17.48,17.6,17.41,17.5,17.42,13459253,235585957,0,0,0,0,Demo,11160000000,1.16
2024-01-10,000005.XSHE,18.65,18.77,18.54,18.69,18.63,14358562,268359074,0,0,0,0,Demo,13360000000,0.7
2024-01-10,000006.XSHE,23.21,23.31,23.19,23.2,23.1,13403464,310919948,0,0,0,0,Demo,15560000000,0.75
2024-01-11,000001.XSHE,8.46,8.51,8.44,8.46,8.45,15402902,130311363,0,0,0,0,Demo,4570000000,2.39
2024-01-11,000002.XSHE,12.23,12.39,12.22,12.38,12.22,14076478,174328891,0,0,0,0,Demo,6770000000,1.71
2024-01-11,000003.XSHE,14.91,14.94,14.79,14.88,14.84,13597439,202304485,0,0,0,0,Demo,8970000000,1.1
2024-01-11,000004.XSHE,17.53,17.6,17.19,17.32,17.5,14375446,248999016,0,0,0,0,Demo,11170000000,0.74
2024-01-11,000005.XSHE,18.8,18.95,18.51,18.52,18.69,14678710,271876135,0,0,0,0,Demo,13370000000,1.56
2024-01-11,000006.XSHE,23.15,23.17,23.09,23.14,23.2,13315916,308081295,0,0,0,0,Demo,15570000000,0.9
2024-01-12,000001.XSHE,8.48,8.65,8.41,8.6,8.46,16289738,140171901,0,0,0,0,Demo,4580000000,1.6
2024-01-12,000002.XSHE,12.39,12.67,12.38,12.58,12.38,14228566,178932525,0,0,0,0,Demo,6780000000,0.86
2024-01-12,000003.XSHE,14.81,14.87,14.72,14.75,14.88,14190612,209347360,0,0,0,0,Demo,8980000000,1.0
2024-01-12,000004.XSHE,17.36,17.48,17.14,17.21,17.32,13850056,238413115,0,0,0,0,Demo,11180000000,2.32
2024-01-12,000005.XSHE,18.43,18.6,18.39,18.54,18.52,14525543,269259486,0,0,0,0,Demo,13380000000,1.23
2024-01-12,000006.XSHE,23.27,23.3,23.03,23.11,23.14,13677090,316039135,0,0,0,0,Demo,15580000000,1.41
2024-01-15,000001.XSHE,8.56,8.65,8.5,8.59,8.6,16218225,139253486,0,0,0,0,Demo,4590000000,0.67
2024-01-15,000002.XSHE,12.58,12.71,12.58,12.67,12.58,13514919,171217837,0,0,0,0,Demo,6790000000,2.31
2024-01-15,000003.XSHE,14.82,14.95,14.79,14.85,14.75,13758529,204286414,0,0,0,0,Demo,8990000000,1.87
2024-01-15,000004.XSHE,17.23,17.35,16.97,17.1,17.21,14483867,247674147,0,0,0,0,Demo,11190000000,0.89
2024-01-15,000005.XSHE,18.62,18.76,18.48,18.6,18.54,15314778,284887710,0,0,0,0,Demo,13390000000,1.38
2024-01-15,000006.XSHE,23.22,23.37,23.06,23.14,23.11,13671892,316339176,0,0,0,0,Demo,15590000000,2.24
2024-01-16,000001.XSHE,8.56,8.79,8.55,8.74,8.59,16671791,145632530,0,0,0,0,Demo,4600000000,0.67
2024-01-16,000002.XSHE,12.62,12.87,12.59,12.78,12.67,14065378,179766316,0,0,0,0,Demo,6800000000,2.11
2024-01-16,000003.XSHE,14.76,14.79,14.68,14.72,14.85,14639285,215501436,0,0,0,0,Demo,9000000000,0.73
2024-01-16,000004.XSHE,17.07,17.22,16.98,17.15,17.1,14585732,250154285,0,0,0,0,Demo,11200000000,1.62
2024-01-16,000005.XSHE,18.52,18.83,18.49,18.69,18.6,14739855,275453786,0,0,0,0,Demo,13400000000,0.67
2024-01-16,000006.XSHE,23.1,23.58,23.01,23.43,23.14,13424490,314580255,0,0,0,0,Demo,15600000000,0.82
2024-01-17,000001.XSHE,8.7,8.91,8.67,8.91,8.74,15789010,140622815,0,0,0,0,Demo,4610000000,2.36
2024-01-17,000002.XSHE,12.81,12.98,12.75,12.9,12.78,13411790,173010622,0,0,0,0,Demo,6810000000,1.42
2024-01-17,000003.XSHE,14.8,14.9,14.72,14.83,14.72,13755487,203990865,0,0,0,0,Demo,9010000000,1.97
2024-01-17,000004.XSHE,17.11,17.17,16.95,17.0,17.15,14225799,241860271,0,0,0,0,Demo,11210000000,1.65
2024-01-17,000005.XSHE,18.72,18.78,18.35,18.46,18.69,14889474,274819694,0,0,0,0,Demo,13410000000,1.77
2024-01-17,000006.XSHE,23.45,23.6,23.39,23.6,23.43,13310477,314112326,0,0,0,0,Demo,15610000000,2.09
2024-01-18,000001.XSHE,8.89,9.05,8.84,9.02,8.91,15678279,141376076,0,0,0,0,Demo,4620000000,1.5
2024-01-18,000002.XSHE,12.95,13.13,12.94,13.12,12.9,13452609,176447849,0,0,0,0,Demo,6820000000,1.86
2024-01-18,000003.XSHE,14.76,14.92,14.73,14.8,14.83,14051052,208007974,0,0,0,0,Demo,9020000000,1.03
2024-01-18,000004.XSHE,16.9,16.94,16.75,16.81,17.0,14993751,252056232,0,0,0,0,Demo,11220000000,2.06
2024-01-18,000005.XSHE,18.54,18.63,18.26,18.37,18.46,15202917,279242089,0,0,0,0,Demo,13420000000,1.54
2024-01-18,000006.XSHE,23.64,23.77,23.5,23.76,23.6,13495512,320719231,0,0,0,0,Demo,15620000000,2.28
2024-01-19,000001.XSHE,8.99,9.22,8.94,9.16,9.02,15440055,141493853,0,0,0,0,Demo,4630000000,0.7
2024-01-19,000002.XSHE,13.17,13.22,13.03,13.11,13.12,13718734,179900095,0,0,0,0,Demo,6830000000,1.61
2024-01-19,000003.XSHE,14.77,14.86,14.69,14.74,14.8,14747797,217373540,0,0,0,0,Demo,9030000000,1.97
2024-01-19,000004.XSHE,16.88,16.95,16.63,16.75,16.81,14998121,251176467,0,0,0,0,Demo,11230000000,2.24
2024-01-19,000005.XSHE,18.42,18.55,18.26,18.3,18.37,15669987,286747218,0,0,0,0,Demo,13430000000,1.59
2024-01-19,000006.XSHE,23.7,24.2,23.65,24.18,23.76,12955229,313258623,0,0,0,0,Demo,15630000000,1.24
2024-01-22,000001.XSHE,9.12,9.35,9.09,9.33,9.16,14695296,137163646,0,0,0,0,Demo,4640000000,1.94
2024-01-22,000002.XSHE,13.1,13.16,12.99,13.03,13.11,13278194,173070105,0,0,0,0,Demo,6840000000,2.18
2024-01-22,000003.XSHE,14.79,14.9,14.6,14.6,14.74,15025130,219374967,0,0,0,0,Demo,9040000000,2.05
2024-01-22,000004.XSHE,16.65,16.69,16.54,16.64,16.75,15260435,253918480,0,0,0,0,Demo,11240000000,2.29
2024-01-22,000005.XSHE,18.31,18.53,18.19,18.42,18.3,15721413,289662774,0,0,0,0,Demo,13440000000,1.02
2024-01-22,000006.XSHE,24.16,24.4,24.1,24.39,24.18,13158869,320994110,0,0,0,0,Demo,15640000000,2.12
2024-01-23,000001.XSHE,9.37,9.53,9.3,9.46,9.33,15266624,144461107,0,0,0,0,Demo,4650000000,0.65
2024-01-23,000002.XSHE,13.04,13.05,12.97,13.04,13.03,13249799,172776659,0,0,0,0,Demo,6850000000,2.25
2024-01-23,000003.XSHE,14.56,14.6,14.33,14.38,14.6,14686761,211162319,0,0,0,0,Demo,9050000000,2.05
2024-01-23,000004.XSHE,16.69,16.8,16.51,16.54,16.64,14624154,241874158,0,0,0,0,Demo,11250000000,1.49
2024-01-23,000005.XSHE,18.33,18.68,18.29,18.54,18.42,14923020,276651225,0,0,0,0,Demo,13450000000,2.08
2024-01-23,000006.XSHE,24.47,25.08,24.43,24.89,24.39,12490158,310841919,0,0,0,0,Demo,15650000000,1.78
2024-01-24,000001.XSHE,9.46,9.48,9.39,9.47,9.46,15219810,144201975,0,0,0,0,Demo,4660000000,1.93
2024-01-24,000002.XSHE,12.99,13.21,12.91,13.14,13.04,13186497,173321542,0,0,0,0,Demo,6860000000,2.08
2024-01-24,000003.XSHE,14.35,14.41,14.04,14.14,14.38,15277564,216060266,0,0,0,0,Demo,9060000000,1.89
2024-01-24,000004.XSHE,16.52,16.78,16.51,16.68,16.54,15165680,252986587,0,0,0,0,Demo,11260000000,2.18
2024-01-24,000005.XSHE,18.58,18.63,18.35,18.45,18.54,15709886,289914516,0,0,0,0,Demo,13460000000,0.83
2024-01-24,000006.XSHE,24.97,25.68,24.89,25.61,24.89,12402230,317617147,0,0,0,0,Demo,15660000000,0.73
2024-01-25,000001.XSHE,9.42,9.6,9.38,9.57,9.47,15106694,144573315,0,0,0,0,Demo,4670000000,2.43
2024-01-25,000002.XSHE,13.2,13.27,13.14,13.19,13.14,13997495,184611042,0,0,0,0,Demo,6870000000,1.59
2024-01-25,000003.XSHE,14.16,14.27,13.98,14.07,14.14,15288947,215099287,0,0,0,0,Demo,9070000000,1.43
2024-01-25,000004.XSHE,16.64,16.86,16.52,16.75,16.68,14553979,243753962,0,0,0,0,Demo,11270000000,1.13
2024-01-25,000005.XSHE,18.51,18.59,18.39,18.49,18.45,15303570,282943798,0,0,0,0,Demo,13470000000,0.65
2024-01-25,000006.XSHE,25.51,26.33,25.35,26.29,25.61,12096625,318009938,0,0,0,0,Demo,15670000000,1.13
2024-01-26,000001.XSHE,9.61,9.69,9.57,9.64,9.57,14662690,141405394,0,0,0,0,Demo,4680000000,0.76
2024-01-26,000002.XSHE,13.19,13.32,13.11,13.24,13.19,13896750,184036452,0,0,0,0,Demo,6880000000,1.95
2024-01-26,000003.XSHE,13.99,14.02,13.88,13.92,14.07,15246416,212281983,0,0,0,0,Demo,9080000000,1.18
2024-01-26,000004.XSHE,16.74,16.84,16.69,16.77,16.75,15246391,255714719,0,0,0,0,Demo,11280000000,1.65
2024-01-26,000005.XSHE,18.48,18.55,18.44,18.51,18.49,15687605,290301143,0,0,0,0,Demo,13480000000,0.97
2024-01-26,000006.XSHE,26.3,26.7,26.26,26.54,26.29,11938662,316830331,0,0,0,0,Demo,15680000000,2.0
2024-01-29,000001.XSHE,9.65,9.71,9.59,9.63,9.64,14616350,140786548,0,0,0,0,Demo,4690000000,2.18
2024-01-29,000002.XSHE,13.22,13.25,13.07,13.15,13.24,13404779,176223709,0,0,0,0,Demo,6890000000,1.12
2024-01-29,000003.XSHE,13.93,14.03,13.92,13.95,13.92,16029353,223670361,0,0,0,0,Demo,9090000000,2.03
2024-01-29,000004.XSHE,16.67,16.71,16.56,16.62,16.77,15028831,249816097,0,0,0,0,Demo,11290000000,0.95
2024-01-29,000005.XSHE,18.6,18.67,18.29,18.41,18.51,15523030,285822755,0,0,0,0,Demo,13490000000,1.53
2024-01-29,000006.XSHE,26.6,27.12,26.42,27.09,26.54,12182998,330023685,0,0,0,0,Demo,15690000000,1.18
2024-01-30,000001.XSHE,9.59,9.83,9.54,9.77,9.63,15682096,153266429,0,0,0,0,Demo,4700000000,1.77
2024-01-30,000002.XSHE,13.13,13.28,13.1,13.19,13.15,14019916,184873813,0,0,0,0,Demo,6900000000,2.48
2024-01-30,000003.XSHE,13.97,14.04,13.68,13.76,13.95,16414964,225897925,0,0,0,0,Demo,9100000000,2.05
2024-01-30,000004.XSHE,16.58,16.71,16.54,16.7,16.62,15221951,254260893,0,0,0,0,Demo,11300000000,0.74
2024-01-30,000005.XSHE,18.4,18.49,18.28,18.32,18.41,15493725,283883526,0,0,0,0,Demo,13500000000,1.15
2024-01-30,000006.XSHE,27.21,27.48,27.15,27.46,27.09,11631892,319438490,0,0,0,0,Demo,15700000000,2.1
2024-01-31,000001.XSHE,9.79,9.89,9.76,9.82,9.77,15284143,150036240,0,0,0,0,Demo,4710000000,1.03
2024-01-31,000002.XSHE,13.15,13.16,13.01,13.02,13.19,14536713,189198100,0,0,0,0,Demo,6910000000,1.18
2024-01-31,000003.XSHE,13.77,13.8,13.71,13.72,13.76,16210338,222454099,0,0,0,0,Demo,9110000000,1.18
2024-01-31,000004.XSHE,16.66,16.79,16.6,16.72,16.7,15308820,255933390,0,0,0,0,Demo,11310000000,0.68
2024-01-31,000005.XSHE,18.28,18.48,18.27,18.44,18.32,15844720,292212849,0,0,0,0,Demo,13510000000,2.19
2024-01-31,000006.XSHE,27.61,28.25,27.46,28.03,27.46,11431088,320421644,0,0,0,0,Demo,15710000000,1.69
2024-02-01,000001.XSHE,9.78,9.92,9.74,9.88,9.82,14827075,146466692,0,0,0,0,Demo,4720000000,0.94
2024-02-01,000002.XSHE,13.04,13.09,12.96,12.97,13.02,14080166,182637817,0,0,0,0,Demo,6920000000,1.38
2024-02-01,000003.XSHE,13.66,13.68,13.51,13.55,13.72,16244099,220112590,0,0,0,0,Demo,9120000000,1.15
2024-02-01,000004.XSHE,16.78,17.05,16.72,16.97,16.72,14851118,252076722,0,0,0,0,Demo,11320000000,1.08
2024-02-01,000005.XSHE,18.5,18.63,18.32,18.44,18.44,15281784,281819311,0,0,0,0,Demo,13520000000,1.85
2024-02-01,000006.XSHE,28.0,28.62,27.92,28.58,28.03,11528587,329491010,0,0,0,0,Demo,15720000000,1.55
2024-02-02,000001.XSHE,9.83,9.87,9.81,9.85,9.88,14977296,147532327,0,0,0,0,Demo,4730000000,1.43
2024-02-02,000002.XSHE,12.91,13.05,12.85,12.95,12.97,14027878,181714745,0,0,0,0,Demo,6930000000,1.95
2024-02-02,000003.XSHE,13.47,13.52,13.36,13.39,13.55,16944595,226816444,0,0,0,0,Demo,9130000000,2.33
2024-02-02,000004.XSHE,16.9,17.17,16.83,17.06,16.97,15223933,259722608,0,0,0,0,Demo,11330000000,1.15
2024-02-02,000005.XSHE,18.42,18.79,18.35,18.72,18.44,15513055,290363605,0,0,0,0,Demo,13530000000,1.65
2024-02-02,000006.XSHE,28.73,29.14,28.52,29.02,28.58,11448205,332195966,0,0,0,0,Demo,15730000000,0.73
2024-02-05,000001.XSHE,9.89,9.92,9.82,9.89,9.85,14977518,148082413,0,0,0,0,Demo,4740000000,2.16
2024-02-05,000002.XSHE,12.92,12.98,12.7,12.8,12.95,14593969,186814801,0,0,0,0,Demo,6940000000,2.24
2024-02-05,000003.XSHE,13.38,13.42,13.2,13.28,13.39,16562961,219928534,0,0,0,0,Demo,9140000000,1.47
2024-02-05,000004.XSHE,17.0,17.21,16.92,17.11,17.06,14754864,252518527,0,0,0,0,Demo,11340000000,2.23
2024-02-05,000005.XSHE,18.68,18.95,18.54,18.88,18.72,15361806,289995997,0,0,0,0,Demo,13540000000,1.33
2024-02-05,000006.XSHE,29.13,29.87,29.01,29.64,29.02,10771387,319221086,0,0,0,0,Demo,15740000000,0.84
2024-02-06,000001.XSHE,9.87,9.96,9.8,9.96,9.89,14681593,146172884,0,0,0,0,Demo,4750000000,1.6
2024-02-06,000002.XSHE,12.83,12.88,12.63,12.7,12.8,14338619,182089751,0,0,0,0,Demo,6950000000,0.74
2024-02-06,000003.XSHE,13.24,13.36,13.2,13.29,13.28,16238969,215847467,0,0,0,0,Demo,9150000000,2.22
2024-02-06,000004.XSHE,17.19,17.46,17.14,17.41,17.11,15023168,261558077,0,0,0,0,Demo,11350000000,2.29
2024-02-06,000005.XSHE,18.89,19.18,18.85,19.08,18.88,15509641,295982319,0,0,0,0,Demo,13550000000,2.35
2024-02-06,000006.XSHE,29.72,30.59,29.7,30.48,29.64,10831172,330132524,0,0,0,0,Demo,15750000000,1.94
2024-02-07,000001.XSHE,9.92,9.94,9.8,9.81,9.96,15381394,150842103,0,0,0,0,Demo,4760000000,2.11
2024-02-07,000002.XSHE,12.68,12.69,12.49,12.55,12.7,15134210,189894697,0,0,0,0,Demo,6960000000,1.9
2024-02-07,000003.XSHE,13.24,13.3,13.09,13.13,13.29,17279508,226861096,0,0,0,0,Demo,9160000000,1.06
2024-02-07,000004.XSHE,17.34,17.83,17.3,17.76,17.41,14340274,254683671,0,0,0,0,Demo,11360000000,1.87
2024-02-07,000005.XSHE,19.08,19.53,18.99,19.49,19.08,14710022,286639197,0,0,0,0,Demo,13560000000,1.44
2024-02-07,000006.XSHE,30.51,31.0,30.41,30.84,30.48,10525164,324595951,0,0,0,0,Demo,15760000000,1.47
2024-02-08,000001.XSHE,9.87,9.93,9.69,9.7,9.81,15748773,152698231,0,0,0,0,Demo,4770000000,1.69
2024-02-08,000002.XSHE,12.62,12.65,12.39,12.48,12.55,15407935,192343263,0,0,0,0,Demo,6970000000,1.35
2024-02-08,000003.XSHE,13.19,13.27,12.83,12.93,13.13,17909881,231577617,0,0,0,0,Demo,9170000000,1.75
2024-02-08,000004.XSHE,17.85,18.0,17.73,17.96,17.76,14557975,261484860,0,0,0,0,Demo,11370000000,2.12
2024-02-08,000005.XSHE,19.41,19.62,19.3,19.58,19.49,15279201,299176022,0,0,0,0,Demo,13570000000,1.85
2024-02-08,000006.XSHE,30.89,31.76,30.73,31.53,30.84,10353437,326483033,0,0,0,0,Demo,15770000000,2.1
2024-02-09,000001.XSHE,9.68,9.69,9.44,9.51,9.7,16048223,152681437,0,0,0,0,Demo,4780000000,2.02
2024-02-09,000002.XSHE,12.43,12.48,12.21,12.3,12.48,15532096,191106224,0,0,0,0,Demo,6980000000,1.55
2024-02-09,000003.XSHE,12.88,12.97,12.74,12.83,12.93,17978378,230730631,0,0,0,0,Demo,9180000000,1.16
2024-02-09,000004.XSHE,18.03,18.42,18.02,18.35,17.96,14435688,264852562,0,0,0,0,Demo,11380000000,2.44
2024-02-09,000005.XSHE,19.63,20.13,19.48,19.97,19.58,15053830,300698740,0,0,0,0,Demo,13580000000,1.66
2024-02-09,000006.XSHE,31.49,31.7,31.46,31.64,31.53,10379583,328383841,0,0,0,0,Demo,15780000000,1.88
2024-02-12,000001.XSHE,9.52,9.59,9.4,9.47,9.51,15825551,149917745,0,0,0,0,Demo,4790000000,1.88
2024-02-12,000002.XSHE,12.32,12.41,12.19,12.22,12.3,15820418,193335480,0,0,0,0,Demo,6990000000,1.02
2024-02-12,000003.XSHE,12.88,12.98,12.66,12.69,12.83,17724373,224950067,0,0,0,0,Demo,9190000000,0.82
2024-02-12,000004.XSHE,18.25,18.54,18.23,18.4,18.35,13972597,257039290,0,0,0,0,Demo,11390000000,2.29
2024-02-12,000005.XSHE,19.96,20.13,19.85,20.02,19.97,15180574,303970811,0,0,0,0,Demo,13590000000,1.63
2024-02-12,000006.XSHE,31.72,32.3,31.56,32.08,31.64,10508831,337087048,0,0,0,0,Demo,15790000000,1.53
2024-02-13,000001.XSHE,9.52,9.53,9.34,9.37,9.47,16702804,156438733,0,0,0,0,Demo,4800000000,1.44
2024-02-13,000002.XSHE,12.2,12.3,12.04,12.08,12.22,16487884,199127952,0,0,0,0,Demo,7000000000,2.46
2024-02-13,000003.XSHE,12.68,12.7,12.65,12.66,12.69,18423868,233227635,0,0,0,0,Demo,9200000000,2.17
2024-02-13,000004.XSHE,18.33,18.58,18.19,18.48,18.4,13789684,254848566,0,0,0,0,Demo,11400000000,2.09
2024-02-13,000005.XSHE,19.93,20.21,19.92,20.11,20.02,15006072,301837210,0,0,0,0,Demo,13600000000,1.65
2024-02-13,000006.XSHE,32.2,32.54,32.0,32.48,32.08,10383949,337231246,0,0,0,0,Demo,15800000000,2.31
2024-02-14,000001.XSHE,9.41,9.42,9.15,9.16,9.37,16815738,154105279,0,0,0,0,Demo,4810000000,2.12
2024-02-14,000002.XSHE,12.13,12.14,11.88,11.91,12.08,16636389,198127686,0,0,0,0,Demo,7010000000,1.05
2024-02-14,000003.XSHE,12.61,12.64,12.53,12.63,12.66,18104140,228726250,0,0,0,0,Demo,9210000000,0.82
2024-02-14,000004.XSHE,18.47,18.62,18.38,18.57,18.48,14137286,262483392,0,0,0,0,Demo,11410000000,1.56
2024-02-14,000005.XSHE,20.0,20.66,19.87,20.53,20.11,14546657,298648499,0,0,0,0,Demo,13610000000,1.17
2024-02-14,000006.XSHE,32.29,33.14,32.07,32.88,32.48,10099208,332051684,0,0,0,0,Demo,15810000000,1.9
2024-02-15,000001.XSHE,9.21,9.21,9.07,9.07,9.16,17748554,161005537,0,0,0,0,Demo,4820000000,0.88
2024-02-15,000002.XSHE,11.93,11.98,11.69,11.76,11.91,16342184,192190515,0,0,0,0,Demo,7020000000,2.49
2024-02-15,000003.XSHE,12.63,12.75,12.62,12.69,12.63,18328483,232573904,0,0,0,0,Demo,9220000000,0.82
2024-02-15,000004.XSHE,18.65,19.01,18.52,18.93,18.57,13897487,263015376,0,0,0,0,Demo,11420000000,1.46
2024-02-15,000005.XSHE,20.49,20.66,20.42,20.58,20.53,14204875,292395275,0,0,0,0,Demo,13620000000,1.19
2024-02-15,000006.XSHE,32.78,33.23,32.6,32.98,32.88,10120313,333756894,0,0,0,0,Demo,15820000000,0.73
2024-02-16,000001.XSHE,9.03,9.06,8.97,9.05,9.07,18261283,165319228,0,0,0,0,Demo,4830000000,0.85
2024-02-16,000002.XSHE,11.82,11.88,11.55,11.61,11.76,16677303,193592225,0,0,0,0,Demo,7030000000,1.27
2024-02-16,000003.XSHE,12.73,12.89,12.65,12.8,12.69,17693533,226525620,0,0,0,0,Demo,9230000000,1.74
2024-02-16,000004.XSHE,18.94,19.19,18.84,19.16,18.93,13594792,260462204,0,0,0,0,Demo,11430000000,2.21
2024-02-16,000005.XSHE,20.6,20.7,20.55,20.68,20.58,14290767,295494319,0,0,0,0,Demo,13630000000,2.13
2024-02-16,000006.XSHE,33.17,33.67,33.0,33.45,32.98,10087733,337482702,0,0,0,0,Demo,15830000000,1.66
2024-02-19,000001.XSHE,9.07,9.12,8.99,8.99,9.05,17490059,157184716,0,0,0,0,Demo,4840000000,1.94
2024-02-19,000002.XSHE,11.59,11.59,11.46,11.54,11.61,17077228,197101291,0,0,0,0,Demo,7040000000,1.85
2024-02-19,000003.XSHE,12.84,12.94,12.74,12.75,12.8,18156524,231500022,0,0,0,0,Demo,9240000000,1.01
2024-02-19,000004.XSHE,19.12,19.49,19.01,19.43,19.16,13929590,270633138,0,0,0,0,Demo,11440000000,2.39
2024-02-19,000005.XSHE,20.77,20.9,20.65,20.87,20.68,14060604,293434876,0,0,0,0,Demo,13640000000,1.88
2024-02-19,000006.XSHE,33.52,33.65,33.31,33.43,33.45,9935873,332182979,0,0,0,0,Demo,15840000000,1.01
2024-02-20,000001.XSHE,8.97,8.98,8.86,8.9,8.99,18357927,163451141,0,0,0,0,Demo,4850000000,1.52
2024-02-20,000002.XSHE,11.48,11.63,11.42,11.59,11.54,16274540,188628967,0,0,0,0,Demo,7050000000,0.99
2024-02-20,000003.XSHE,12.79,13.06,12.76,12.98,12.75,17373242,225513003,0,0,0,0,Demo,9250000000,0.61
2024-02-20,000004.XSHE,19.35,19.91,19.24,19.85,19.43,13443717,266893009,0,0,0,0,Demo,11450000000,1.66
2024-02-20,000005.XSHE,20.83,21.14,20.71,21.07,20.87,14275165,300818550,0,0,0,0,Demo,13650000000,0.64
2024-02-20,000006.XSHE,33.58,34.05,33.42,33.89,33.43,10044469,340403417,0,0,0,0,Demo,15850000000,1.82
2024-02-21,000001.XSHE,8.89,8.96,8.77,8.78,8.9,19401287,170298329,0,0,0,0,Demo,4860000000,1.77
2024-02-21,000002.XSHE,11.65,11.71,11.57,11.7,11.59,16535026,193482173,0,0,0,0,Demo,7060000000,1.43
2024-02-21,000003.XSHE,12.91,13.15,12.84,13.06,12.98,17469289,228117362,0,0,0,0,Demo,9260000000,1.23
2024-02-21,000004.XSHE,19.86,20.02,19.77,20.0,19.85,13727256,274598861,0,0,0,0,Demo,11460000000,2.07
2024-02-21,000005.XSHE,21.19,21.3,21.06,21.09,21.07,14041074,296124773,0,0,0,0,Demo,13660000000,0.88
2024-02-21,000006.XSHE,33.93,34.14,33.55,33.73,33.89,9855229,332372018,0,0,0,0,Demo,15860000000,2.41
2024-02-22,000001.XSHE,8.77,8.81,8.69,8.73,8.78,19096270,166727523,0,0,0,0,Demo,4870000000,2.36
2024-02-22,000002.XSHE,11.72,11.81,11.64,11.75,11.7,17084243,200822961,0,0,0,0,Demo,7070000000,1.2
2024-02-22,000003.XSHE,13.05,13.23,12.97,13.16,13.06,17874284,235222377,0,0,0,0,Demo,9270000000,0.71
2024-02-22,000004.XSHE,19.96,20.38,19.95,20.31,20.0,13503944,274253554,0,0,0,0,Demo,11470000000,1.15
2024-02-22,000005.XSHE,21.21,21.24,21.11,21.23,21.09,14216017,301750545,0,0,0,0,Demo,13670000000,1.48
2024-02-22,000006.XSHE,33.84,34.09,33.7,33.82,33.73,10168996,343886456,0,0,0,0,Demo,15870000000,1.69
2024-02-23,000001.XSHE,8.74,8.78,8.53,8.6,8.73,19042332,163758523,0,0,0,0,Demo,4880000000,0.8
2024-02-23,000002.XSHE,11.73,11.99,11.69,11.92,11.75,16283472,194095058,0,0,0,0,Demo,7080000000,0.67
2024-02-23,000003.XSHE,13.24,13.41,13.17,13.36,13.16,17393591,232305194,0,0,0,0,Demo,9280000000,1.31
2024-02-23,000004.XSHE,20.29,20.55,20.19,20.5,20.31,13390205,274441030,0,0,0,0,Demo,11480000000,1.8
2024-02-23,000005.XSHE,21.18,21.28,21.11,21.18,21.23,14187840,300427787,0,0,0,0,Demo,13680000000,1.98
2024-02-23,000006.XSHE,33.98,34.22,33.87,33.96,33.82,10039559,340976746,0,0,0,0,Demo,15880000000,1.86
2024-02-26,000001.XSHE,8.58,8.67,8.53,8.63,8.6,18455586,159263449,0,0,0,0,Demo,4890000000,1.73
2024-02-26,000002.XSHE,11.89,12.15,11.82,12.11,11.92,16982915,205742976,0,0,0,0,Demo,7090000000,0.84
2024-02-26,000003.XSHE,13.43,13.67,13.33,13.56,13.36,16863719,228667880,0,0,0,0,Demo,9290000000,1.83
2024-02-26,000004.XSHE,20.46,20.8,20.43,20.74,20.5,12813534,265693556,0,0,0,0,Demo,11490000000,1.25
2024-02-26,000005.XSHE,21.1,21.48,21.07,21.31,21.18,14172546,302062567,0,0,0,0,Demo,13690000000,2.2
2024-02-26,000006.XSHE,34.07,34.3,33.4,33.63,33.96,9892668,332733297,0,0,0,0,Demo,15890000000,1.86
2024-02-27,000001.XSHE,8.64,8.7,8.63,8.66,8.63,18592972,161034091,0,0,0,0,Demo,4900000000,2.18
2024-02-27,000002.XSHE,12.16,12.3,12.12,12.28,12.11,16277282,199893063,0,0,0,0,Demo,7100000000,1.29
2024-02-27,000003.XSHE,13.64,13.84,13.55,13.78,13.56,17504649,241149987,0,0,0,0,Demo,9300000000,1.45
2024-02-27,000004.XSHE,20.69,21.15,20.61,21.01,20.74,13183485,277010877,0,0,0,0,Demo,11500000000,0.97
2024-02-27,000005.XSHE,21.33,21.45,21.2,21.38,21.31,14550444,311054755,0,0,0,0,Demo,13700000000,1.33
2024-02-27,000006.XSHE,33.82,34.04,33.42,33.64,33.63,9969114,335321942,0,0,0,0,Demo,15900000000,2.26
2024-02-28,000001.XSHE,8.66,8.68,8.47,8.53,8.66,20022565,170835327,0,0,0,0,Demo,4910000000,2.21
2024-02-28,000002.XSHE,12.25,12.56,12.22,12.49,12.28,16743807,209088517,0,0,0,0,Demo,7110000000,1.58
2024-02-28,000003.XSHE,13.71,14.14,13.62,14.03,13.78,17367222,243741624,0,0,0,0,Demo,9310000000,1.26
2024-02-28,000004.XSHE,20.9,21.1,20.86,21.01,21.01,12624464,265269112,0,0,0,0,Demo,11510000000,1.31
2024-02-28,000005.XSHE,21.49,21.63,20.97,21.08,21.38,14808996,312177163,0,0,0,0,Demo,13710000000,0.88
2024-02-28,000006.XSHE,33.8,33.93,33.01,33.23,33.64,10430347,346631241,0,0,0,0,Demo,15910000000,1.94
2024-02-29,000001.XSHE,8.48,8.5,8.46,8.5,8.53,20453396,173808356,0,0,0,0,Demo,4920000000,0.88
2024-02-29,000002.XSHE,12.5,12.78,12.43,12.74,12.49,15604653,198786941,0,0,0,0,Demo,7120000000,1.17
2024-02-29,000003.XSHE,14.02,14.12,13.97,14.03,14.03,16509015,231659886,0,0,0,0,Demo,9320000000,2.19
2024-02-29,000004.XSHE,21.02,21.33,20.92,21.22,21.01,13043892,276855173,0,0,0,0,Demo,11520000000,0.87
2024-02-29,000005.XSHE,21.11,21.15,20.89,20.96,21.08,14832757,310946300,0,0,0,0,Demo,13720000000,1.87
2024-02-29,000006.XSHE,33.18,33.47,33.03,33.22,33.23,10475918,347993809,0,0,0,0,Demo,15920000000,2.48
2024-03-01,000001.XSHE,8.49,8.53,8.44,8.5,8.5,19649792,166962974,0,0,0,0,Demo,4930000000,1.08
2024-03-01,000002.XSHE,12.78,12.82,12.65,12.73,12.74,16206501,206240402,0,0,0,0,Demo,7130000000,0.8
2024-03-01,000003.XSHE,14.08,14.22,14.04,14.21,14.03,16639857,236379880,0,0,0,0,Demo,9330000000,2.15
2024-03-01,000004.XSHE,21.3,21.38,21.13,21.25,21.22,13004878,276298768,0,0,0,0,Demo,11530000000,0.95
2024-03-01,000005.XSHE,21.02,21.18,20.67,20.68,20.96,14707446,304082135,0,0,0,0,Demo,13730000000,0.68
2024-03-01,000006.XSHE,33.04,33.28,32.81,32.95,33.22,10603591,349380243,0,0,0,0,Demo,15930000000,1.63
2024-03-04,000001.XSHE,8.52,8.54,8.42,8.45,8.5,20682326,174700347,0,0,0,0,Demo,4940000000,0.69
2024-03-04,000002.XSHE,12.69,13.0,12.65,12.92,12.73,15737651,203311251,0,0,0,0,Demo,7140000000,2.01
2024-03-04,000003.XSHE,14.19,14.59,14.13,14.48,14.21,16570270,239947057,0,0,0,0,Demo,9340000000,1.3
2024-03-04,000004.XSHE,21.19,21.57,21.11,21.55,21.25,12703938,273824389,0,0,0,0,Demo,11540000000,1.74
2024-03-04,000005.XSHE,20.69,20.76,20.67,20.71,20.68,15097257,312688384,0,0,0,0,Demo,13740000000,1.16
2024-03-04,000006.XSHE,33.04,33.08,32.77,32.89,32.95,10463057,344101590,0,0,0,0,Demo,15940000000,0.68
2024-03-05,000001.XSHE,8.43,8.6,8.41,8.53,8.45,20597239,175778794,0,0,0,0,Demo,4950000000,2.4
2024-03-05,000002.XSHE,12.94,12.98,12.86,12.94,12.92,16139329,208898618,0,0,0,0,Demo,7150000000,0.9
2024-03-05,000003.XSHE,14.54,14.62,14.4,14.45,14.48,16235662,234617788,0,0,0,0,Demo,9350000000,0.73
2024-03-05,000004.XSHE,21.52,21.89,21.42,21.83,21.55,12720638,277651806,0,0,0,0,Demo,11550000000,0.89
2024-03-05,000005.XSHE,20.68,20.75,20.53,20.55,20.71,14836116,304810140,0,0,0,0,Demo,13750000000,1.61
2024-03-05,000006.XSHE,32.95,33.01,32.77,32.8,32.89,10664543,349842576,0,0,0,0,Demo,15950000000,0.95
2024-03-06,000001.XSHE,8.58,8.58,8.51,8.56,8.53,20463911,175211794,0,0,0,0,Demo,4960000000,1.45
2024-03-06,000002.XSHE,12.91,13.36,12.86,13.26,12.94,15116575,200457514,0,0,0,0,Demo,7160000000,0.86
2024-03-06,000003.XSHE,14.39,14.51,14.28,14.42,14.45,17124719,246998155,0,0,0,0,Demo,9360000000,1.9
2024-03-06,000004.XSHE,21.78,22.17,21.77,22.11,21.83,12552442,277496126,0,0,0,0,Demo,11560000000,1.15
2024-03-06,000005.XSHE,20.46,20.58,20.18,20.29,20.55,15095544,306320762,0,0,0,0,Demo,13760000000,2.11
2024-03-06,000006.XSHE,32.66,32.88,32.62,32.83,32.8,10711139,351660259,0,0,0,0,Demo,15960000000,1.54
2024-03-07,000001.XSHE,8.57,8.6,8.5,8.57,8.56,19427428,166477199,0,0,0,0,Demo,4970000000,1.76
2024-03-07,000002.XSHE,13.23,13.41,13.15,13.3,13.26,15647883,208119709,0,0,0,0,Demo,7170000000,1.38
2024-03-07,000003.XSHE,14.44,14.51,14.4,14.5,14.42,16246959,235544282,0,0,0,0,Demo,9370000000,1.45
2024-03-07,000004.XSHE,22.07,22.43,21.93,22.27,22.11,12573345,280033960,0,0,0,0,Demo,11570000000,1.72
2024-03-07,000005.XSHE,20.2,20.34,20.06,20.26,20.29,15708164,318248423,0,0,0,0,Demo,13770000000,0.84
2024-03-07,000006.XSHE,32.7,32.78,32.42,32.61,32.83,10584028,345105303,0,0,0,0,Demo,15970000000,2.4
2024-03-08,000001.XSHE,8.55,8.63,8.53,8.62,8.57,20237789,174441585,0,0,0,0,Demo,4980000000,1.12
2024-03-08,000002.XSHE,13.32,13.52,13.25,13.51,13.3,15550138,210128898,0,0,0,0,Demo,7180000000,2.39
2024-03-08,000003.XSHE,14.53,14.61,14.4,14.47,14.5,17234801,249335307,0,0,0,0,Demo,9380000000,2.36
2024-03-08,000004.XSHE,22.37,22.38,21.9,22.07,22.27,12830669,283135608,0,0,0,0,Demo,11580000000,1.7
2024-03-08,000005.XSHE,20.32,20.39,20.06,20.17,20.26,15549267,313555692,0,0,0,0,Demo,13780000000,2.29
2024-03-08,000006.XSHE,32.66,32.8,32.6,32.72,32.61,10810285,353745073,0,0,0,0,Demo,15980000000,1.9
2024-03-11,000001.XSHE,8.58,8.64,8.55,8.63,8.62,20178120,174224385,0,0,0,0,Demo,4990000000,1.48
2024-03-11,000002.XSHE,13.46,13.73,13.42,13.64,13.51,15807494,215541447,0,0,0,0,Demo,7190000000,1.26
2024-03-11,000003.XSHE,14.51,14.57,14.49,14.5,14.47,16559040,240155688,0,0,0,0,Demo,9390000000,1.49
2024-03-11,000004.XSHE,22.0,22.02,21.91,21.96,22.07,12640789,277544964,0,0,0,0,Demo,11590000000,2.24
2024-03-11,000005.XSHE,20.28,20.42,19.83,19.96,20.17,16123520,321765751,0,0,0,0,Demo,13790000000,1.7
2024-03-11,000006.XSHE,32.83,32.96,32.56,32.69,32.72,10688772,349467799,0,0,0,0,Demo,15990000000,2.27
2024-03-12,000001.XSHE,8.59,8.73,8.56,8.7,8.63,19661451,171038756,0,0,0,0,Demo,5000000000,1.01
2024-03-12,000002.XSHE,13.56,13.81,13.47,13.76,13.64,15479230,212976661,0,0,0,0,Demo,7200000000,1.88
2024-03-12,000003.XSHE,14.42,14.49,14.4,14.48,14.5,16673407,241437118,0,0,0,0,Demo,9400000000,1.98
2024-03-12,000004.XSHE,21.92,22.15,21.82,22.08,21.96,12465269,275265774,0,0,0,0,Demo,11600000000,1.29
2024-03-12,000005.XSHE,19.93,20.0,19.6,19.69,19.96,16295243,320846426,0,0,0,0,Demo,13800000000,2.48
2024-03-12,000006.XSHE,32.55,33.25,32.44,33.0,32.69,10768972,355336162,0,0,0,0,Demo,16000000000,2.47
2024-03-13,000001.XSHE,8.69,8.79,8.64,8.78,8.7,19879609,174634157,0,0,0,0,Demo,5010000000,1.55
2024-03-13,000002.XSHE,13.7,13.81,13.65,13.77,13.76,15286214,210566995,0,0,0,0,Demo,7210000000,0.88
2024-03-13,000003.XSHE,14.42,14.76,14.38,14.65,14.48,16690456,244492683,0,0,0,0,Demo,9410000000,2.48
2024-03-13,000004.XSHE,22.03,22.23,21.88,22.17,22.08,12709718,281831180,0,0,0,0,Demo,11610000000,1.53
2024-03-13,000005.XSHE,19.68,19.69,19.51,19.56,19.69,15833582,309738859,0,0,0,0,Demo,13810000000,2.46
2024-03-13,000006.XSHE,33.11,33.46,32.93,33.27,33.0,10320594,343347065,0,0,0,0,Demo,16010000000,1.73
2024-03-14,000001.XSHE,8.8,8.88,8.76,8.82,8.78,19581873,172617541,0,0,0,0,Demo,5020000000,1.97
2024-03-14,000002.XSHE,13.72,14.03,13.65,13.96,13.77,15610303,217912442,0,0,0,0,Demo,7220000000,1.32
2024-03-14,000003.XSHE,14.6,14.84,14.52,14.77,14.65,16381402,242000829,0,0,0,0,Demo,9420000000,0.64
2024-03-14,000004.XSHE,22.08,22.2,21.95,22.02,22.17,13023831,286801877,0,0,0,0,Demo,11620000000,1.76
2024-03-14,000005.XSHE,19.64,19.76,19.29,19.4,19.56,16363936,317502060,0,0,0,0,Demo,13820000000,0.99
2024-03-14,000006.XSHE,33.33,33.52,33.25,33.38,33.27,10385947,346705518,0,0,0,0,Demo,16020000000,1.47
2024-03-15,000001.XSHE,8.82,8.95,8.76,8.91,8.82,20335061,181121020,0,0,0,0,Demo,5030000000,1.82
2024-03-15,000002.XSHE,13.98,14.19,13.95,14.17,13.96,15105341,214063140,0,0,0,0,Demo,7230000000,1.17
2024-03-15,000003.XSHE,14.86,15.01,14.77,14.92,14.77,16842226,251280304,0,0,0,0,Demo,9430000000,1.94
2024-03-15,000004.XSHE,21.98,22.15,21.72,21.86,22.02,12778517,279287856,0,0,0,0,Demo,11630000000,1.15
2024-03-15,000005.XSHE,19.41,19.55,19.24,19.31,19.4,16342357,315490398,0,0,0,0,Demo,13830000000,2.41
2024-03-15,000006.XSHE,33.3,34.01,33.11,33.93,33.38,10330917,350511015,0,0,0,0,Demo,16030000000,2.36
2024-03-18,000001.XSHE,8.93,9.04,8.87,9.03,8.91,19399817,175148852,0,0,0,0,Demo,5040000000,2.37
2024-03-18,000002.XSHE,14.11,14.44,14.04,14.37,14.17,14587598,209667770,0,0,0,0,Demo,7240000000,0.7
2024-03-18,000003.XSHE,14.87,15.06,14.86,15.03,14.92,16372220,246141407,0,0,0,0,Demo,9440000000,1.96
2024-03-18,000004.XSHE,21.93,21.93,21.47,21.57,21.86,13501114,291187706,0,0,0,0,Demo,11640000000,0.9
2024-03-18,000005.XSHE,19.39,19.47,19.16,19.26,19.31,16783849,323282083,0,0,0,0,Demo,13840000000,2.43
2024-03-18,000006.XSHE,33.99,34.39,33.96,34.14,33.93,10405747,355232359,0,0,0,0,Demo,16040000000,1.04
2024-03-19,000001.XSHE,9.07,9.17,9.0,9.17,9.03,19466039,178510946,0,0,0,0,Demo,5050000000,2.28
2024-03-19,000002.XSHE,14.45,14.56,14.34,14.38,14.37,14936557,214811162,0,0,0,0,Demo,7250000000,0.95
2024-03-19,000003.XSHE,15.1,15.14,15.07,15.07,15.03,16354193,246506190,0,0,0,0,Demo,9450000000,1.68
2024-03-19,000004.XSHE,21.69,21.74,21.11,21.28,21.57,13421634,285615069,0,0,0,0,Demo,11650000000,1.6
2024-03-19,000005.XSHE,19.18,19.42,19.14,19.35,19.26,16802224,325069645,0,0,0,0,Demo,13850000000,0.81
2024-03-19,000006.XSHE,34.12,34.34,34.07,34.27,34.14,10472516,358858397,0,0,0,0,Demo,16050000000,1.24
2024-03-20,000001.XSHE,9.19,9.23,9.14,9.22,9.17,19869376,183116040,0,0,0,0,Demo,5060000000,2.3
2024-03-20,000002.XSHE,14.38,14.61,14.31,14.6,14.38,14420929,210500114,0,0,0,0,Demo,7260000000,2.47
2024-03-20,000003.XSHE,15.15,15.15,14.95,14.99,15.07,16665367,249894978,0,0,0,0,Demo,9460000000,2.03
2024-03-20,000004.XSHE,21.23,21.55,21.23,21.43,21.28,13458132,288366987,0,0,0,0,Demo,11660000000,1.28
2024-03-20,000005.XSHE,19.39,19.46,19.13,19.15,19.35,16913033,323910405,0,0,0,0,Demo,13860000000,1.55
2024-03-20,000006.XSHE,34.35,35.13,34.32,35.04,34.27,10351845,362770117,0,0,0,0,Demo,16060000000,2.39
2024-03-21,000001.XSHE,9.19,9.35,9.15,9.28,9.22,19507551,180933275,0,0,0,0,Demo,5070000000,2.02
2024-03-21,000002.XSHE,14.58,14.78,14.53,14.72,14.6,14765169,217318050,0,0,0,0,Demo,7270000000,2.12
2024-03-21,000003.XSHE,15.04,15.12,14.95,15.03,14.99,17071770,256509888,0,0,0,0,Demo,9470000000,0.76
2024-03-21,000004.XSHE,21.48,21.49,21.22,21.32,21.43,13104408,279336128,0,0,0,0,Demo,11670000000,2.17
2024-03-21,000005.XSHE,19.08,19.37,19.06,19.29,19.15,16985947,327635896,0,0,0,0,Demo,13870000000,1.59
2024-03-21,000006.XSHE,34.92,35.39,34.89,35.23,35.04,10130185,356862677,0,0,0,0,Demo,16070000000,1.45
2024-03-22,000001.XSHE,9.23,9.29,9.19,9.26,9.28,19823746,183575061,0,0,0,0,Demo,5080000000,1.48
2024-03-22,000002.XSHE,14.76,14.94,14.66,14.89,14.72,14888766,221712522,0,0,0,0,Demo,7280000000,1.01
2024-03-22,000003.XSHE,15.01,15.1,14.71,14.77,15.03,16602550,245210921,0,0,0,0,Demo,9480000000,2.38
2024-03-22,000004.XSHE,21.43,21.43,20.95,21.02,21.32,13896773,292101210,0,0,0,0,Demo,11680000000,0.86
2024-03-22,000005.XSHE,19.34,19.49,19.27,19.33,19.29,17026742,329154096,0,0,0,0,Demo,13880000000,1.33
2024-03-22,000006.XSHE,35.4,36.2,35.21,36.09,35.23,9983647,360303036,0,0,0,0,Demo,16080000000,2.26
2024-03-25,000001.XSHE,9.3,9.31,9.18,9.26,9.26,19628790,181694429,0,0,0,0,Demo,5090000000,1.6
2024-03-25,000002.XSHE,14.84,15.02,14.84,15.02,14.89,14324332,215105700,0,0,0,0,Demo,7290000000,1.48
2024-03-25,000003.XSHE,14.76,14.8,14.71,14.73,14.77,17159067,252828009,0,0,0,0,Demo,9490000000,1.26
2024-03-25,000004.XSHE,21.13,21.25,20.82,20.84,21.02,14091154,293680790,0,0,0,0,Demo,11690000000,1.85
2024-03-25,000005.XSHE,19.43,19.57,19.35,19.39,19.33,16309464,316228954,0,0,0,0,Demo,13890000000,0.79
2024-03-25,000006.XSHE,36.13,36.49,36.12,36.28,36.09,9991255,362524217,0,0,0,0,Demo,16090000000,0.68
2024-03-26,000001.XSHE,9.26,9.37,9.2,9.31,9.26,19151354,178351084,0,0,0,0,Demo,5100000000,1.56
2024-03-26,000002.XSHE,15.07,15.16,14.93,14.96,15.02,14770914,221031393,0,0,0,0,Demo,7300000000,2.07
2024-03-26,000003.XSHE,14.69,14.83,14.57,14.72,14.73,17300818,254745141,0,0,0,0,Demo,9500000000,1.02
2024-03-26,000004.XSHE,20.73,20.89,20.55,20.69,20.84,14319271,296293735,0,0,0,0,Demo,11700000000,0.93
2024-03-26,000005.XSHE,19.4,19.51,19.35,19.5,19.39,16754773,326793052,0,0,0,0,Demo,13900000000,1.88
2024-03-26,000006.XSHE,36.21,37.29,36.16,37.17,36.28,9614080,357315953,0,0,0,0,Demo,16100000000,0.95
2024-03-27,000001.XSHE,9.28,9.4,9.22,9.38,9.31,19113534,179321820,0,0,0,0,Demo,5110000000,2.13
2024-03-27,000002.XSHE,14.98,15.23,14.91,15.12,14.96,14167948,214149703,0,0,0,0,Demo,7310000000,1.34
2024-03-27,000003.XSHE,14.69,14.7,14.46,14.51,14.72,17447078,253125647,0,0,0,0,Demo,9510000000,0.78
2024-03-27,000004.XSHE,20.62,20.82,20.5,20.77,20.69,14058192,292015353,0,0,0,0,Demo,11710000000,0.68
2024-03-27,000005.XSHE,19.58,19.67,19.26,19.36,19.5,16553066,320540933,0,0,0,0,Demo,13910000000,1.51
2024-03-27,000006.XSHE,37.09,38.46,37.09,38.17,37.17,9631484,367622931,0,0,0,0,Demo,16110000000,0.96
2024-03-28,000001.XSHE,9.41,9.54,9.34,9.49,9.38,19972153,189470672,0,0,0,0,Demo,5120000000,1.75
2024-03-28,000002.XSHE,15.19,15.26,14.9,14.99,15.12,14622274,219186444,0,0,0,0,Demo,7320000000,1.49
2024-03-28,000003.XSHE,14.47,14.52,14.33,14.43,14.51,17716949,255618250,0,0,0,0,Demo,9520000000,0.79
2024-03-28,000004.XSHE,20.76,21.14,20.61,21.0,20.77,13762039,289019396,0,0,0,0,Demo,11720000000,1.19
2024-03-28,000005.XSHE,19.45,19.56,19.24,19.24,19.36,17000319,327083027,0,0,0,0,Demo,13920000000,2.38
2024-03-28,000006.XSHE,38.13,39.0,38.03,38.95,38.17,9220971,359172653,0,0,0,0,Demo,16120000000,1.68
2024-03-29,000001.XSHE,9.49,9.56,9.44,9.47,9.49,20226886,191507066,0,0,0,0,Demo,5130000000,2.16
2024-03-29,000002.XSHE,15.02,15.18,15.0,15.12,14.99,15014561,227037475,0,0,0,0,Demo,7330000000,1.27
2024-03-29,000003.XSHE,14.44,14.46,14.07,14.17,14.43,18310435,259467775,0,0,0,0,Demo,9530000000,2.42
2024-03-29,000004.XSHE,21.09,21.1,20.89,21.03,21.0,13531147,284513936,0,0,0,0,Demo,11730000000,2.05
2024-03-29,000005.XSHE,19.32,19.35,19.2,19.31,19.24,16511501,318853368,0,0,0,0,Demo,13930000000,1.02
2024-03-29,000006.XSHE,38.75,39.85,38.46,39.65,38.95,9307470,369013428,0,0,0,0,Demo,16130000000,1.52
2024-04-01,000001.XSHE,9.41,9.53,9.41,9.49,9.47,19857939,188482154,0,0,0,0,Demo,5140000000,1.97
2024-04-01,000002.XSHE,15.08,15.14,15.0,15.08,15.12,14709804,221823819,0,0,0,0,Demo,7340000000,2.13
2024-04-01,000003.XSHE,14.1,14.19,14.09,14.18,14.17,17828069,252820085,0,0,0,0,Demo,9540000000,1.78
2024-04-01,000004.XSHE,20.99,21.12,20.93,20.94,21.03,13915592,291412009,0,0,0,0,Demo,11740000000,1.47
2024-04-01,000005.XSHE,19.36,19.4,19.2,19.33,19.31,16605461,320952527,0,0,0,0,Demo,13940000000,1.84
2024-04-01,000006.XSHE,39.77,40.77,39.65,40.74,39.65,8931331,363872791,0,0,0,0,Demo,16140000000,1.5
2024-04-02,000001.XSHE,9.51,9.54,9.45,9.54,9.49,20063243,191319748,0,0,0,0,Demo,5150000000,2.09
2024-04-02,000002.XSHE,15.14,15.16,14.97,15.03,15.08,14380994,216213900,0,0,0,0,Demo,7350000000,1.04
2024-04-02,000003.XSHE,14.21,14.28,14.16,14.19,14.18,18741912,266004819,0,0,0,0,Demo,9550000000,0.74
2024-04-02,000004.XSHE,21.04,21.32,21.04,21.22,20.94,14186634,301082113,0,0,0,0,Demo,11750000000,2.22
2024-04-02,000005.XSHE,19.26,19.28,19.13,19.26,19.33,17354225,334272456,0,0,0,0,Demo,13950000000,1.36
2024-04-02,000006.XSHE,40.58,41.18,40.31,41.1,40.74,8809114,362028964,0,0,0,0,Demo,16150000000,1.89
2024-04-03,000001.XSHE,9.52,9.6,9.46,9.54,9.54,20216832,192964711,0,0,0,0,Demo,5160000000,1.98
2024-04-03,000002.XSHE,15.12,15.13,14.9,14.95,15.03,15412726,230470625,0,0,0,0,Demo,7360000000,0.74
2024-04-03,000003.XSHE,14.21,14.28,14.0,14.11,14.19,18203426,256875691,0,0,0,0,Demo,9560000000,0.66
2024-04-03,000004.XSHE,21.35,21.43,21.15,21.21,21.22,14250422,302189756,0,0,0,0,Demo,11760000000,1.31
2024-04-03,000005.XSHE,19.28,19.35,19.16,19.29,19.26,16915295,326355645,0,0,0,0,Demo,13960000000,2.12
2024-04-03,000006.XSHE,40.89,42.12,40.66,42.07,41.1,8724223,367035092,0,0,0,0,Demo,16160000000,0.89
2024-04-04,000001.XSHE,9.53,9.54,9.43,9.51,9.54,19963281,189761429,0,0,0,0,Demo,5170000000,1.28
2024-04-04,000002.XSHE,14.89,14.91,14.73,14.78,14.95,15332812,226606992,0,0,0,0,Demo,7370000000,1.57
2024-04-04,000003.XSHE,14.04,14.1,13.8,13.87,14.11,19139239,265460697,0,0,0,0,Demo,9570000000,1.22
2024-04-04,000004.XSHE,21.15,21.34,21.14,21.28,21.21,14214357,302418554,0,0,0,0,Demo,11770000000,1.66
2024-04-04,000005.XSHE,19.23,19.8,19.13,19.72,19.29,16491847,325143767,0,0,0,0,Demo,13970000000,0.86
2024-04-04,000006.XSHE,42.07,42.65,41.92,42.63,42.07,8547087,364364924,0,0,0,0,Demo,16170000000,1.17
2024-04-05,000001.XSHE,9.49,9.61,9.43,9.54,9.51,20069239,191518184,0,0,0,0,Demo,5180000000,1.73
2024-04-05,000002.XSHE,14.71,14.75,14.46,14.57,14.78,15354746,223773679,0,0,0,0,Demo,7380000000,2.2
2024-04-05,000003.XSHE,13.93,13.98,13.69,13.74,13.87,19438205,267016628,0,0,0,0,Demo,9580000000,2.23
2024-04-05,000004.XSHE,21.18,21.73,21.02,21.68,21.28,13450820,291569728,0,0,0,0,Demo,11780000000,1.51
2024-04-05,000005.XSHE,19.69,19.82,19.58,19.77,19.72,16881489,333818341,0,0,0,0,Demo,13980000000,1.53
2024-04-05,000006.XSHE,42.5,43.58,42.22,43.45,42.63,8395900,364792357,0,0,0,0,Demo,16180000000,1.29
2024-04-08,000001.XSHE,9.51,9.68,9.49,9.6,9.54,20514657,196978491,0,0,0,0,Demo,5190000000,1.65
2024-04-08,000002.XSHE,14.57,14.71,14.52,14.63,14.57,15308692,223987726,0,0,0,0,Demo,7390000000,2.18
2024-04-08,000003.XSHE,13.79,13.88,13.44,13.52,13.74,18972447,256435038,0,0,0,0,Demo,9590000000,1.8
2024-04-08,000004.XSHE,21.72,21.86,21.58,21.73,21.68,13358393,290340929,0,0,0,0,Demo,11790000000,1.45
2024-04-08,000005.XSHE,19.79,20.13,19.65,20.04,19.77,16898693,338690032,0,0,0,0,Demo,13990000000,1.91
2024-04-08,000006.XSHE,43.6,44.34,43.29,44.21,43.45,8325955,368107787,0,0,0,0,Demo,16190000000,1.73
2024-04-09,000001.XSHE,9.56,9.66,9.51,9.65,9.6,19470058,187790696,0,0,0,0,Demo,5200000000,1.83
2024-04-09,000002.XSHE,14.72,14.8,14.32,14.37,14.63,16189605,232627921,0,0,0,0,Demo,7400000000,1.23
2024-04-09,000003.XSHE,13.45,13.56,13.43,13.55,13.52,19743098,267530114,0,0,0,0,Demo,9600000000,1.59
2024-04-09,000004.XSHE,21.75,22.08,21.69,22.0,21.73,13771776,302957752,0,0,0,0,Demo,11800000000,1.89
2024-04-09,000005.XSHE,19.96,20.53,19.88,20.36,20.04,16202462,329956530,0,0,0,0,Demo,14000000000,1.39
2024-04-09,000006.XSHE,44.01,45.73,43.96,45.39,44.21,8047001,365232651,0,0,0,0,Demo,16200000000,1.25
2024-04-10,000001.XSHE,9.65,9.67,9.64,9.65,9.65,20524918,198013048,0,0,0,0,Demo,5210000000,1.92
2024-04-10,000002.XSHE,14.33,14.43,14.19,14.21,14.37,16550908,235146876,0,0,0,0,Demo,7410000000,1.25
2024-04-10,000003.XSHE,13.6,13.7,13.3,13.38,13.55,19774524,264556941,0,0,0,0,Demo,9610000000,0.93
2024-04-10,000004.XSHE,22.01,22.24,21.97,22.07,22.0,13488138,297695568,0,0,0,0,Demo,11810000000,1.8
2024-04-10,000005.XSHE,20.4,20.51,20.28,20.45,20.36,16662929,340715915,0,0,0,0,Demo,14010000000,0.97
2024-04-10,000006.XSHE,45.33,46.4,45.25,46.14,45.39,8095508,373521927,0,0,0,0,Demo,16210000000,1.94
2024-04-11,000001.XSHE,9.66,9.72,9.6,9.64,9.65,20008373,192936988,0,0,0,0,Demo,5220000000,1.22
2024-04-11,000002.XSHE,14.17,14.26,14.04,14.1,14.21,16491536,232522462,0,0,0,0,Demo,7420000000,1.2
2024-04-11,000003.XSHE,13.36,13.37,13.28,13.32,13.38,19861100,264481625,0,0,0,0,Demo,9620000000,1.77
2024-04-11,000004.XSHE,22.13,22.57,22.02,22.51,22.07,13023430,293221902,0,0,0,0,Demo,11820000000,1.88
2024-04-11,000005.XSHE,20.38,20.61,20.32,20.59,20.45,15986342,329171602,0,0,0,0,Demo,14020000000,1.57
2024-04-11,000006.XSHE,45.94,46.8,45.87,46.65,46.14,7983630,372461948,0,0,0,0,Demo,16220000000,1.62
2024-04-12,000001.XSHE,9.69,9.71,9.65,9.66,9.64,19935420,192545843,0,0,0,0,Demo,5230000000,0.87
2024-04-12,000002.XSHE,14.09,14.1,13.91,13.95,14.1,15974453,222860783,0,0,0,0,Demo,7430000000,1.52
2024-04-12,000003.XSHE,13.3,13.36,13.14,13.21,13.32,20025307,264564135,0,0,0,0,Demo,9630000000,1.9
2024-04-12,000004.XSHE,22.61,22.86,22.59,22.78,22.51,12874317,293217756,0,0,0,0,Demo,11830000000,2.11
2024-04-12,000005.XSHE,20.48,20.72,20.43,20.68,20.59,16477341,340798646,0,0,0,0,Demo,14030000000,1.47
2024-04-12,000006.XSHE,46.8,47.68,46.76,47.47,46.65,7680448,364616069,0,0,0,0,Demo,16230000000,1.11
2024-04-15,000001.XSHE,9.72,9.76,9.52,9.58,9.66,21016848,201350753,0,0,0,0,Demo,5240000000,1.97
2024-04-15,000002.XSHE,14.03,14.04,13.8,13.89,13.95,17003676,236205485,0,0,0,0,Demo,7440000000,1.07
2024-04-15,000003.XSHE,13.14,13.37,13.05,13.34,13.21,19492408,260059332,0,0,0,0,Demo,9640000000,1.43
2024-04-15,000004.XSHE,22.85,23.42,22.7,23.37,22.78,12982780,303463726,0,0,0,0,Demo,11840000000,1.91
2024-04-15,000005.XSHE,20.71,21.16,20.61,21.08,20.68,16210722,341767586,0,0,0,0,Demo,14040000000,0.99
2024-04-15,000006.XSHE,47.22,47.76,47.12,47.63,47.47,7823413,372639036,0,0,0,0,Demo,16240000000,0.92
2024-04-16,000001.XSHE,9.56,9.64,9.48,9.6,9.58,20641722,198130451,0,0,0,0,Demo,5250000000,2.47
2024-04-16,000002.XSHE,13.82,14.0,13.74,13.89,13.89,17274526,239914381,0,0,0,0,Demo,7450000000,0.71
2024-04-16,000003.XSHE,13.37,13.44,13.29,13.3,13.34,19694859,261953557,0,0,0,0,Demo,9650000000,1.95
2024-04-16,000004.XSHE,23.45,24.04,23.36,23.91,23.37,12721128,304187592,0,0,0,0,Demo,11850000000,1.8
2024-04-16,000005.XSHE,21.05,21.37,20.92,21.36,21.08,16031529,342399736,0,0,0,0,Demo,14050000000,0.78
2024-04-16,000006.XSHE,47.5,48.43,47.36,48.07,47.63,7913559,380442617,0,0,0,0,Demo,16250000000,1.53
2024-04-17,000001.XSHE,9.64,9.71,9.52,9.52,9.6,20802785,198091502,0,0,0,0,Demo,5260000000,1.81
2024-04-17,000002.XSHE,13.95,14.04,13.86,13.91,13.89,16728012,232608215,0,0,0,0,Demo,7460000000,2.17
2024-04-17,000003.XSHE,13.27,13.38,13.21,13.35,13.3,19673141,262591007,0,0,0,0,Demo,9660000000,1.68
2024-04-17,000004.XSHE,23.87,24.41,23.86,24.28,23.91,12236779,297070586,0,0,0,0,Demo,11860000000,1.79
2024-04-17,000005.XSHE,21.23,21.89,21.21,21.73,21.36,15560667,338059103,0,0,0,0,Demo,14060000000,0.6
2024-04-17,000006.XSHE,47.9,49.23,47.85,48.96,48.07,7685269,376305143,0,0,0,0,Demo,16260000000,1.17
2024-04-18,000001.XSHE,9.57,9.57,9.49,9.51,9.52,20255316,192682787,0,0,0,0,Demo,5270000000,1.31
2024-04-18,000002.XSHE,13.85,14.05,13.82,14.01,13.91,16993768,238034678,0,0,0,0,Demo,7470000000,2.03
2024-04-18,000003.XSHE,13.28,13.4,13.26,13.39,13.35,19609609,262607594,0,0,0,0,Demo,9670000000,0.85
2024-04-18,000004.XSHE,24.33,24.51,24.19,24.5,24.28,12651625,310008814,0,0,0,0,Demo,11870000000,0.83
2024-04-18,000005.XSHE,21.78,22.17,21.74,22.09,21.73,15066161,332798726,0,0,0,0,Demo,14070000000,1.99
2024-04-18,000006.XSHE,48.85,49.2,48.74,48.8,48.96,7772541,379276513,0,0,0,0,Demo,16270000000,2.15
2024-04-19,000001.XSHE,9.53,9.58,9.5,9.5,9.51,21217197,201650458,0,0,0,0,Demo,5280000000,0.62
2024-04-19,000002.XSHE,14.0,14.12,13.93,14.04,14.01,16360817,229739636,0,0,0,0,Demo,7480000000,2.35
2024-04-19,000003.XSHE,13.38,13.54,13.29,13.51,13.39,19577665,264549030,0,0,0,0,Demo,9680000000,2.03
2024-04-19,000004.XSHE,24.47,25.14,24.41,24.95,24.5,12006713,299545961,0,0,0,0,Demo,11880000000,1.07
2024-04-19,000005.XSHE,22.02,22.43,21.9,22.32,22.09,15098048,336980177,0,0,0,0,Demo,14080000000,2.08
2024-04-19,000006.XSHE,49.0,49.51,48.88,49.25,48.8,7631648,375886388,0,0,0,0,Demo,16280000000,1.75
2024-04-22,000001.XSHE,9.49,9.54,9.28,9.34,9.5,22095592,206417385,0,0,0,0,Demo,5290000000,2.41
2024-04-22,000002.XSHE,13.98,14.1,13.91,14.04,14.04,16873426,236963176,0,0,0,0,Demo,7490000000,2.29
2024-04-22,000003.XSHE,13.49,13.52,13.41,13.45,13.51,20601111,277175636,0,0,0,0,Demo,9690000000,1.68
2024-04-22,000004.XSHE,25.0,25.42,24.81,25.26,24.95,12310959,311024614,0,0,0,0,Demo,11890000000,0.74
2024-04-22,000005.XSHE,22.19,22.53,22.03,22.49,22.32,15516362,349016209,0,0,0,0,Demo,14090000000,2.1
2024-04-22,000006.XSHE,49.33,49.63,49.17,49.44,49.25,7684207,379874428,0,0,0,0,Demo,16290000000,1.36
2024-04-23,000001.XSHE,9.35,9.36,9.28,9.29,9.34,21028259,195325761,0,0,0,0,Demo,5300000000,1.57
2024-04-23,000002.XSHE,14.1,14.16,13.92,13.97,14.04,17158473,239641691,0,0,0,0,Demo,7500000000,2.05
2024-04-23,000003.XSHE,13.48,13.65,13.43,13.62,13.45,20564183,279995867,0,0,0,0,Demo,9700000000,2.21
2024-04-23,000004.XSHE,25.14,25.48,25.05,25.39,25.26,12178805,309214512,0,0,0,0,Demo,11900000000,0.7
2024-04-23,000005.XSHE,22.54,22.71,22.53,22.68,22.49,14827408,336302031,0,0,0,0,Demo,14100000000,1.93
2024-04-23,000006.XSHE,49.7,49.91,48.85,49.16,49.44,7752776,381092438,0,0,0,0,Demo,16300000000,1.09
2024-04-24,000001.XSHE,9.32,9.38,9.13,9.18,9.29,21441426,196880663,0,0,0,0,Demo,5310000000,2.07
2024-04-24,000002.XSHE,14.02,14.05,13.84,13.85,13.97,17460607,241850800,0,0,0,0,Demo,7510000000,2.45
2024-04-24,000003.XSHE,13.62,13.84,13.61,13.78,13.62,20265057,279317664,0,0,0,0,Demo,9710000000,1.68
2024-04-24,000004.XSHE,25.31,25.71,25.2,25.69,25.39,12145066,312026208,0,0,0,0,Demo,11910000000,0.82
2024-04-24,000005.XSHE,22.55,23.04,22.54,22.88,22.68,14671381,335671442,0,0,0,0,Demo,14110000000,1.5
2024-04-24,000006.XSHE,48.95,49.45,48.61,49.09,49.16,7724667,379175531,0,0,0,0,Demo,16310000000,2.13
2024-04-25,000001.XSHE,9.2,9.22,9.14,9.16,9.18,23052221,211165493,0,0,0,0,Demo,5320000000,1.97
2024-04-25,000002.XSHE,13.78,13.88,13.73,13.84,13.85,17773315,245932059,0,0,0,0,Demo,7520000000,0.7
2024-04-25,000003.XSHE,13.79,13.83,13.74,13.83,13.78,20285370,280513471,0,0,0,0,Demo,9720000000,1.48
2024-04-25,000004.XSHE,25.8,25.99,25.68,25.93,25.69,11607039,300933700,0,0,0,0,Demo,11920000000,1.3
2024-04-25,000005.XSHE,22.96,23.09,22.76,22.8,22.88,14999022,341978606,0,0,0,0,Demo,14120000000,1.72
2024-04-25,000006.XSHE,49.25,49.32,48.75,49.11,49.09,7810902,383558774,0,0,0,0,Demo,16320000000,2.11
2024-04-26,000001.XSHE,9.21,9.21,8.98,9.02,9.16,22980186,207369333,0,0,0,0,Demo,5330000000,2.2
2024-04-26,000002.XSHE,13.91,14.04,13.84,14.04,13.84,17512888,245943956,0,0,0,0,Demo,7530000000,2.0
2024-04-26,000003.XSHE,13.78,14.02,13.73,13.91,13.83,19247656,267704872,0,0,0,0,Demo,9730000000,2.45
2024-04-26,000004.XSHE,25.86,26.06,25.81,26.05,25.93,12123886,315885207,0,0,0,0,Demo,11930000000,1.59
2024-04-26,000005.XSHE,22.77,23.09,22.75,22.91,22.8,14764983,338303516,0,0,0,0,Demo,14130000000,1.56
2024-04-26,000006.XSHE,49.04,49.49,49.02,49.26,49.11,7771109,382813964,0,0,0,0,Demo,16330000000,2.43
2024-04-29,000001.XSHE,9.0,9.02,8.86,8.92,9.02,23474628,209356224,0,0,0,0,Demo,5340000000,2.18
2024-04-29,000002.XSHE,14.04,14.11,13.93,14.09,14.04,16674760,234883577,0,0,0,0,Demo,7540000000,2.08
2024-04-29,000003.XSHE,13.85,14.1,13.8,14.09,13.91,19482290,274420148,0,0,0,0,Demo,9740000000,0.83
2024-04-29,000004.XSHE,26.14,26.39,26.04,26.29,26.05,12053216,316902277,0,0,0,0,Demo,11940000000,0.83
2024-04-29,000005.XSHE,22.96,23.12,22.57,22.69,22.91,14905354,338276621,0,0,0,0,Demo,14140000000,1.01
2024-04-29,000006.XSHE,49.05,49.93,48.67,49.65,49.26,7638042,379247878,0,0,0,0,Demo,16340000000,1.58
2024-04-30,000001.XSHE,8.89,8.99,8.89,8.92,8.92,23014798,205284575,0,0,0,0,Demo,5350000000,2.22
2024-04-30,000002.XSHE,14.09,14.23,14.08,14.22,14.09,17352057,246817917,0,0,0,0,Demo,7550000000,0.87
2024-04-30,000003.XSHE,14.14,14.25,14.06,14.07,14.09,20061380,282318946,0,0,0,0,Demo,9750000000,1.36
2024-04-30,000004.XSHE,26.43,26.73,26.31,26.71,26.29,11939930,318891897,0,0,0,0,Demo,11950000000,2.14
2024-04-30,000005.XSHE,22.58,22.74,22.3,22.38,22.69,15224924,340660763,0,0,0,0,Demo,14150000000,0.77
2024-04-30,000006.XSHE,49.84,50.07,49.46,50.02,49.65,7483809,374349559,0,0,0,0,Demo,16350000000,0.92
2024-05-01,000001.XSHE,8.95,8.98,8.91,8.91,8.92,23663723,210862410,0,0,0,0,Demo,5360000000,1.41
2024-05-01,000002.XSHE,14.29,14.34,14.24,14.31,14.22,16553644,236893621,0,0,0,0,Demo,7560000000,0.67
2024-05-01,000003.XSHE,14.03,14.3,13.98,14.26,14.07,19535183,278639022,0,0,0,0,Demo,9760000000,1.51
2024-05-01,000004.XSHE,26.67,26.8,26.53,26.71,26.71,11895682,317774762,0,0,0,0,Demo,11960000000,1.6
2024-05-01,000005.XSHE,22.46,22.6,22.18,22.36,22.38,15766272,352518369,0,0,0,0,Demo,14160000000,1.96
2024-05-01,000006.XSHE,50.19,50.33,49.72,49.95,50.02,7603994,379795626,0,0,0,0,Demo,16360000000,1.34
2024-05-02,000001.XSHE,8.89,8.91,8.77,8.83,8.91,24163073,213361704,0,0,0,0,Demo,5370000000,1.13
2024-05-02,000002.XSHE,14.31,14.61,14.24,14.57,14.31,16419605,239205100,0,0,0,0,Demo,7570000000,2.45
2024-05-02,000003.XSHE,14.29,14.32,14.18,14.27,14.26,20013813,285689060,0,0,0,0,Demo,9770000000,2.0
2024-05-02,000004.XSHE,26.86,27.24,26.65,27.12,26.71,11499067,311816648,0,0,0,0,Demo,11970000000,1.27
2024-05-02,000005.XSHE,22.45,22.48,22.32,22.43,22.36,15775174,353825963,0,0,0,0,Demo,14170000000,2.0
2024-05-02,000006.XSHE,50.0,50.28,49.59,49.73,49.95,7737757,384823609,0,0,0,0,Demo,16370000000,1.67
2024-05-03,000001.XSHE,8.8,8.91,8.73,8.84,8.83,23683933,209458194,0,0,0,0,Demo,5380000000,1.63
2024-05-03,000002.XSHE,14.49,14.63,14.42,14.62,14.57,16177145,236534336,0,0,0,0,Demo,7580000000,1.6
2024-05-03,000003.XSHE,14.35,14.37,14.23,14.24,14.27,19883409,283228217,0,0,0,0,Demo,9780000000,0.94
2024-05-03,000004.XSHE,27.24,27.53,27.2,27.51,27.12,11558953,318022842,0,0,0,0,Demo,11980000000,2.34
2024-05-03,000005.XSHE,22.52,22.68,22.27,22.44,22.43,15482660,347467813,0,0,0,0,Demo,14180000000,1.94
2024-05-03,000006.XSHE,49.78,50.03,49.66,49.9,49.73,7592312,378842476,0,0,0,0,Demo,16380000000,1.99
2024-05-06,000001.XSHE,8.86,8.89,8.82,8.84,8.84,24194480,213964560,0,0,0,0,Demo,5390000000,2.44
2024-05-06,000002.XSHE,14.7,14.96,14.67,14.87,14.62,16613102,246980943,0,0,0,0,Demo,7590000000,2.15
2024-05-06,000003.XSHE,14.28,14.37,14.26,14.33,14.24,18985416,272130163,0,0,0,0,Demo,9790000000,2.4
2024-05-06,000004.XSHE,27.48,28.2,27.27,27.97,27.51,10997968,307643292,0,0,0,0,Demo,11990000000,0.95
2024-05-06,000005.XSHE,22.53,22.64,22.08,22.19,22.44,15495030,343846679,0,0,0,0,Demo,14190000000,2.38
2024-05-06,000006.XSHE,50.05,50.14,49.08,49.46,49.9,7680592,379916683,0,0,0,0,Demo,16390000000,1.81
2024-05-07,000001.XSHE,8.88,9.02,8.83,8.97,8.84,23266314,208632941,0,0,0,0,Demo,5400000000,1.45
2024-05-07,000002.XSHE,14.82,14.98,14.79,14.97,14.87,16019177,239812519,0,0,0,0,Demo,7600000000,1.97
2024-05-07,000003.XSHE,14.32,14.37,14.28,14.3,14.33,19580166,279946088,0,0,0,0,Demo,9800000000,1.54
2024-05-07,000004.XSHE,27.99,28.04,27.88,28.02,27.97,11510502,322496365,0,0,0,0,Demo,12000000000,1.7
2024-05-07,000005.XSHE,22.12,22.24,21.98,22.16,22.19,15502700,343560573,0,0,0,0,Demo,14200000000,1.16
2024-05-07,000006.XSHE,49.73,49.76,49.21,49.28,49.46,7798233,384299138,0,0,0,0,Demo,16400000000,0.91
2024-05-08,000001.XSHE,9.01,9.09,8.89,8.91,8.97,24030754,214195250,0,0,0,0,Demo,5410000000,2.3
2024-05-08,000002.XSHE,14.96,15.32,14.89,15.24,14.97,16157005,246184673,0,0,0,0,Demo,7610000000,0.9
2024-05-08,000003.XSHE,14.25,14.29,14.17,14.27,14.3,20050009,286013789,0,0,0,0,Demo,9810000000,2.36
2024-05-08,000004.XSHE,28.07,28.2,28.05,28.13,28.02,11214696,315491805,0,0,0,0,Demo,12010000000,1.69
2024-05-08,000005.XSHE,22.07,22.23,21.99,22.16,22.16,15738761,348841719,0,0,0,0,Demo,14210000000,2.17
2024-05-08,000006.XSHE,49.27,49.54,49.19,49.5,49.28,7870585,389607062,0,0,0,0,Demo,16410000000,1.15
2024-05-09,000001.XSHE,8.95,8.97,8.84,8.87,8.91,24007314,213005682,0,0,0,0,Demo,5420000000,2.3
2024-05-09,000002.XSHE,15.26,15.4,15.22,15.35,15.24,16039931,246199588,0,0,0,0,Demo,7620000000,1.3
2024-05-09,000003.XSHE,14.22,14.39,14.2,14.33,14.27,19485188,279305722,0,0,0,0,Demo,9820000000,1.67
2024-05-09,000004.XSHE,28.2,28.22,27.8,27.95,28.13,11570553,323359013,0,0,0,0,Demo,12020000000,1.63
2024-05-09,000005.XSHE,22.19,22.33,22.04,22.23,22.16,16127687,358530561,0,0,0,0,Demo,14220000000,1.59
2024-05-09,000006.XSHE,49.61,50.55,49.39,50.18,49.5,7647699,383753417,0,0,0,0,Demo,16420000000,1.5
2024-05-10,000001.XSHE,8.92,8.97,8.81,8.84,8.87,24974409,220807129,0,0,0,0,Demo,5430000000,1.58
2024-05-10,000002.XSHE,15.44,15.59,15.32,15.57,15.35,15939643,248233636,0,0,0,0,Demo,7630000000,0.93
2024-05-10,000003.XSHE,14.42,14.67,14.4,14.57,14.33,19408487,282803052,0,0,0,0,Demo,9830000000,0.75
2024-05-10,000004.XSHE,27.85,28.27,27.81,28.08,27.95,11418473,320683243,0,0,0,0,Demo,12030000000,1.09
2024-05-10,000005.XSHE,22.34,22.35,22.19,22.26,22.23,15827310,352366510,0,0,0,0,Demo,14230000000,1.65
2024-05-10,000006.XSHE,50.19,51.16,50.19,50.79,50.18,7726651,392450965,0,0,0,0,Demo,16430000000,1.78
2024-05-13,000001.XSHE,8.83,8.94,8.82,8.91,8.84,24285622,216463897,0,0,0,0,Demo,5440000000,1.71
2024-05-13,000002.XSHE,15.5,15.96,15.4,15.94,15.57,15980872,254782624,0,0,0,0,Demo,7640000000,1.14
2024-05-13,000003.XSHE,14.54,14.68,14.5,14.64,14.57,19456024,284746760,0,0,0,0,Demo,9840000000,1.69
2024-05-13,000004.XSHE,27.97,28.14,27.84,28.05,28.08,11516095,323022144,0,0,0,0,Demo,12040000000,1.92
2024-05-13,000005.XSHE,22.37,22.43,21.79,21.83,22.26,16448681,359111605,0,0,0,0,Demo,14240000000,1.5
2024-05-13,000006.XSHE,50.71,50.9,50.39,50.76,50.79,7620608,386816863,0,0,0,0,Demo,16440000000,1.13
